{"state":"created,DeviceSelected,TenureSelected","journeyType":"acquisition","segment":"consumer","subSegment":"consumer","_links":{"get-device-group-journey":{"href":"/device-purchase/paym/v3/7e931db3-b143-4f23-b059-fb3112dc7dfb/apple/iphone-16-pro-max/device-group-journeys/latest?segment=consumer","type":"GET","parameters":{"make":"apple","segment":"Consumer","platformSessionId":"7e931db3-b143-4f23-b059-fb3112dc7dfb","model":"iphone-16-pro-max"}},"create-device-group-journey":{"href":"/device-purchase/paym/v3/7e931db3-b143-4f23-b059-fb3112dc7dfb/apple/iphone-16-pro-max/device-group-journeys?segment=consumer","type":"POST","parameters":{"make":"apple","segment":"consumer","platformSessionId":"7e931db3-b143-4f23-b059-fb3112dc7dfb","model":"iphone-16-pro-max"}},"get-device-variants":{"href":"/device-purchase/paym/v3/7e931db3-b143-4f23-b059-fb3112dc7dfb/apple/iphone-16-pro-max/device-group-journeys/b77f3097-d186-4ec2-a86a-7ba95c731594/device-variants","type":"GET","parameters":{"make":"apple","journeyId":"b77f3097-d186-4ec2-a86a-7ba95c731594","platformSessionId":"7e931db3-b143-4f23-b059-fb3112dc7dfb","model":"iphone-16-pro-max"}},"get-insurance-options":{"href":"/device-purchase/paym/v3/7e931db3-b143-4f23-b059-fb3112dc7dfb/apple/iphone-16-pro-max/device-group-journeys/b77f3097-d186-4ec2-a86a-7ba95c731594/device-variants/222520/insurance-options","type":"GET","parameters":{"deviceId":"222520","make":"apple","journeyId":"b77f3097-d186-4ec2-a86a-7ba95c731594","platformSessionId":"7e931db3-b143-4f23-b059-fb3112dc7dfb","model":"iphone-16-pro-max"}},"get-specification":{"href":"/device-purchase/paym/v3/7e931db3-b143-4f23-b059-fb3112dc7dfb/apple/iphone-16-pro-max/device-group-journeys/b77f3097-d186-4ec2-a86a-7ba95c731594/device-variants/222520/specification","type":"GET","parameters":{"deviceId":"222520","make":"apple","journeyId":"b77f3097-d186-4ec2-a86a-7ba95c731594","platformSessionId":"7e931db3-b143-4f23-b059-fb3112dc7dfb","model":"iphone-16-pro-max"}},"set-dgj-segment":{"href":"/device-purchase/paym/v3/7e931db3-b143-4f23-b059-fb3112dc7dfb/apple/iphone-16-pro-max/device-group-journeys/b77f3097-d186-4ec2-a86a-7ba95c731594","type":"PATCH","parameters":{"make":"apple","journeyId":"b77f3097-d186-4ec2-a86a-7ba95c731594","segment":"business","platformSessionId":"7e931db3-b143-4f23-b059-fb3112dc7dfb","model":"iphone-16-pro-max"}},"set-trade-in":{"href":"/device-purchase/paym/v3/7e931db3-b143-4f23-b059-fb3112dc7dfb/apple/iphone-16-pro-max/device-group-journeys/b77f3097-d186-4ec2-a86a-7ba95c731594/device-variants","type":"PATCH","parameters":{"deviceId":"222520","make":"apple","journeyId":"b77f3097-d186-4ec2-a86a-7ba95c731594","segment":"Consumer","tradeInSelected":true,"platformSessionId":"7e931db3-b143-4f23-b059-fb3112dc7dfb","model":"iphone-16-pro-max"}},"select-device-variant-tenure":{"href":"/device-purchase/paym/v3/7e931db3-b143-4f23-b059-fb3112dc7dfb/apple/iphone-16-pro-max/device-group-journeys/b77f3097-d186-4ec2-a86a-7ba95c731594/package","type":"PATCH","parameters":{"deviceMonthlyPrice":29,"make":"apple","upfrontPrice":50,"tenure":"36","journeyId":"b77f3097-d186-4ec2-a86a-7ba95c731594","segment":"Consumer","platformSessionId":"7e931db3-b143-4f23-b059-fb3112dc7dfb","model":"iphone-16-pro-max"}},"get-plans":{"href":"/device-purchase/paym/v3/7e931db3-b143-4f23-b059-fb3112dc7dfb/apple/iphone-16-pro-max/device-group-journeys/b77f3097-d186-4ec2-a86a-7ba95c731594/device-variants/222520/plans","type":"GET","parameters":{"deviceId":"222520","make":"apple","journeyId":"b77f3097-d186-4ec2-a86a-7ba95c731594","platformSessionId":"7e931db3-b143-4f23-b059-fb3112dc7dfb","model":"iphone-16-pro-max"}}},"id":"b77f3097-d186-4ec2-a86a-7ba95c731594"}